name;keywords
dotnet/dotnet;apm, dotnet, language agent
dotnet/dotnet-core;apm, dotnet
dotnet/dotnet-MVC Web API;apm, dotnet
ruby/ActiveRecord;apm, ruby
ruby/Acts_as_solr;apm, ruby
Adobe-CQ;cms, content management system
python/AIOHTTP;python, apm, http
java/Akka;apm, java
Algorithmia;mlops
aws/amazon-athena;aws, amazon web services, database
aws/Amazon-DocumentDB;aws, amazon web services, database
aws/Amazon-Linux;aws, amazon web services, os, operating system
aws/Amazon-MSK;aws, amazon web services, queue
python/AMQPlib;apm, python
Android;mobile, mobile agent
java/Anorm;apm, java
Ansible;automation, devops, sre
Apache;infrastructure, http, web, server
java/Apache-HTTP-client;http, java
Apache-Zookeeper;infrastructure, database
dotnet/ASP-dotnet-MVC;apm, dotnet
dotnet/ASP-dotnet-Web-forms;apm, dotnet
java/ASyncHTTPClient;apm, http, java
ruby/Authlogic;apm, ruby
aws/aws-API-Gateway;aws, amazon web services, api, networking
aws/aws-AppSync;aws, amazon web services, api
aws/aws-Auto-Scaling;aws, amazon web services
aws/aws-Billing;aws, amazon web services
aws/aws-CloudFormation;aws, amazon web services, automation
aws/aws-CloudFront;aws, amazon web services
aws/aws-CloudTrail;aws, amazon web services, security
aws/aws-Cloudwatch-plugin-for-Logs;aws, amazon web services, logs, logging
aws/aws-Cognito;aws, amazon web services
aws/aws-Connect;aws, amazon web services
aws/aws-Direct Connect;aws, amazon web services
aws/aws-DynamoDB;aws, amazon web services, database
aws/aws-EBS;aws, amazon web services, database, storage
aws/aws-EC2;aws, amazon web services, database
aws/aws-ECS-ECR;aws, amazon web services, containers
aws/aws-EFS;aws, amazon web services, storage
aws/aws-Elastic-Beanstalk;aws, amazon web services
aws/aws-ElastiCache;aws, amazon web services, database
aws/aws-Elasticsearch;aws, amazon web services
aws/aws-ELB;aws, amazon web services, load balancer, networking
aws/aws-Elemental MediaPackage VOD;aws, amazon web services, messaging
aws/aws-EMR;aws, amazon web services
aws/aws-FireLens-plugin-for-Logs;aws, amazon web services, logs, logging
aws/aws-FSx;aws, amazon web services
aws/aws-Glue;aws, amazon web services
aws/aws-Health;aws, amazon web services
aws/aws-IAM;aws, amazon web services
aws/aws-IoT;aws, amazon web services
aws/aws-Kinesis Data Firehose;aws, amazon web services, logs, logging
aws/aws-Kinesis Data Streams;aws, amazon web services, logs, logging
aws/aws-Lambda;aws, amazon web services, serverless
aws/aws-MQ;aws, amazon web services, messaging, queue
aws/aws-NeptuneDB;aws, amazon web services, database
aws/aws-NLB-ALB;aws, amazon web services, networking
aws/aws-Outposts;aws, amazon web services
aws/aws-QLDB;aws, amazon web services, database
aws/aws-RDS;aws, amazon web services, database
aws/aws-RDS-Enhanced;aws, amazon web services, database
aws/aws-Redshift;aws, amazon web services, database
aws/aws-Route-53;aws, amazon web services, networking
aws/aws-Route53-Resolver;aws, amazon web services, networking
aws/aws-S3;aws, amazon web services, storage, logs, logging
aws/aws-SES;aws, amazon web services, messaging
aws/aws-SNS;aws, amazon web services, messaging
aws/aws-SQS;aws, amazon web services, queue
aws/aws-Step-Functions;aws, amazon web services, serverless
aws/aws-TransitGateway;aws, amazon web services, networking
aws/aws-Trusted-Advisor;aws, amazon web services
aws/aws-VPC;aws, amazon web services, networking
aws/aws-VPC-Flow Logs;aws, amazon web services, networking, logs, logging
aws/aws-WAF;aws, amazon web services, networking
aws/aws-X-Ray;aws, amazon web services, tracing
azure/azure-API-Management;azure, api
azure/azure-App-Service;azure, web
azure/azure-Containers;azure, containers
azure/azure-Cosmos-DB;azure, database
azure/azure-Cost-Management;azure
azure/azure-DataFactories;azure
azure/azure-Event-Hubs;azure
azure/azure-Express-Route;azure, networking
azure/azure-Front-Door;azure, networking
azure/azure-Functions;azure, serverless
azure/azure-Load-Balancer;azure, load balancer
azure/azure-Logic-Apps;azure
azure/azure-Machine-Learning-Services;azure
azure/azure-MariaDB;azure, database
azure/azure-MySQL;azure, database
azure/azure-PostgreSQL;azure, database
azure/azure-Power-BI-Dedicated capacities;azure
azure/azure-Redis-Cache;azure, database
azure/azure-Service-Bus;azure, messaging
azure/azure-SQL-Database;azure, database
azure/azure-SQL-Managed-Instances;azure, database
azure/azure-Storage;azure, storage
azure/azure-Virtual-Machine-Scale-Sets;azure
azure/azure-Virtual-Network;azure, networking
azure/azure-VMs;azure
azure/azure-VPN-Gateways;azure, networking
Blameless;
python/bottle;apm, python
Browser;browser agent
ruby/Bunny;apm, ruby
C;apm, language agent
cplusplus;apm
php/CakePHP;apm, php
Cassandra;infrastructure, database
python/celery;apm, python
CentOS;os, operating system
Chef;automation, devops, sre
python/cherrypy;apm, python
CloudAMQP;queue
CloudFoundry;containers
php/CodeIgniter;apm, php
java/ColdFusion;apm, java
Collectd;open source monitoring
kubernetes/Consul;infrastructure, kubernetes
Cordova;android, ios, mobile
Couchbase;infrastructure, database
dotnet/CSLA-dotnet;apm, dotnet
ruby/Curb;apm, ruby
java/CXF;apm, java
ruby/Dalli;apm, ruby
Datastax-Cassandra;infrastructure, database
Debian;os, operating system
ruby/Delayed_Job;apm, ruby
java/Derby;apm, java, database
django;apm, django
dotnet/DNN-Community;apm, dotnet, cms, content management system
dotnet/DNN-Evoq;apm, dotnet, cms, content management system
Docker;containers
python/dropbox;apm, python
Dropwizard;open source monitoring
Dropwizard-Metrics-Reporter;
php/Drupal;apm, php, cms, content management system
golang/Echo;apm, golang
java/EJB-Session-Beans;apm, java
Elasticsearch;infrastructure, database
dotnet/Episerver-CMS;apm, dotnet, cms, content management system
ruby/Excon;apm, ruby
node-js/Express;apm, node.js
F5;infrastructure, load balancer
python/facepy;apm, python
python/Falcon;apm, python
python/feedparser;apm, python
python/flask;apm, python
Fluent-Bit-plugin-for-Logs;logs, logging
Fluentd-plugin-for-Logs;logs, logging
dotnet/FubuMVC;apm, dotnet
Full-Story;
gcp/gcp-Cloud-Run;gcp, google cloud platform, containers
gcp/gcp-Dataflow;gcp, google cloud platform
gcp/gcp-Dataproc;gcp, google cloud platform
gcp/gcp-Datastore;gcp, google cloud platform, database
gcp/gcp-Dedicated-Interconnect;gcp, google cloud platform, networking
gcp/gcp-Firebase-Database;gcp, google cloud platform
gcp/gcp-Firebase-Hosting;gcp, google cloud platform
gcp/gcp-Firebase-Storage;gcp, google cloud platform
gcp/gcp-Firestore;gcp, google cloud platform, database
gcp/gcp-Router;gcp, google cloud platform, networking
gcp/gcp-VPC;gcp, google cloud platform, networking
python/Gearman;apm, python
java/Generic JDBC;apm, java, database
python/gevent;apm, python
golang/Gin;apm, golang
java/Glassfish;apm, java
golang/Go-Insights;apm, golang
golang/Golang;apm, golang, language agent
gcp/Google-App Engine;gcp, google cloud platform
gcp/Google-BigQuery;gcp, google cloud platform, database
gcp/Google-Cloud-Functions;gcp, google cloud platform, serverless
gcp/Google-Cloud-Spanner;gcp, google cloud platform, database
gcp/Google-Cloud-SQL;gcp, google cloud platform, database
gcp/Google-Cloud-Storage;gcp, google cloud platform, storage
gcp/Google-Compute-Engine;gcp, google cloud platform
kubernetes/Google-Kubernetes-Engine;kubernetes, containers
gcp/Google-Load-Balancing;gcp, google cloud platform, load balancer, networking
gcp/Google-Pub-Sub;gcp, google cloud platform, queue
java/Grails;apm, java
ruby/Grape;apm, ruby
java/gRPC;apm, java
php/Guzzle;apm, php
java/H2;apm, java, database
node-js/Hapi;api, apm, node.js
Haproxy;infrastructure, load balancer
java/Hibernate;apm, java, database
java/HSQL;apm, java, database
ruby/HttpClient;apm, ruby
python/httplib2;apm, python
ruby/HttpRb;apm, ruby
golang/HTTPRouter;apm, golang
java/Hystrix;apm, java
java/IBM-DB2;apm, java, database
dotnet/IIS;apm, dotnet
java/Inet-Merlia;apm, java
oracle/Inet-Oracle Driver (oranxo);apm, java
Informix;
iOS;mobile, mobile agent
Istio;kubernetes
java/Java;apm, java, language agent
java/JAX-RS;apm, java
java/Jayrock;apm, java
java/JCache-API;apm, java
java/Jersey;apm, java
java/Jetty;apm, java, server
python/jinja2;apm, python
java/JMS;apm, java
java/JMX;java, open source monitoring
php/Joomla;apm, php, cms, content management system
java/JSF;apm, java
java/JSP;apm, java
java/Kafka;infrastructure, java
Kamon;open source monitoring
node-js/Koa;apm, node.js
php/Kohana;apm, php
kubernetes/Kubernetes;kubernetes, containers
kubernetes/Kubernetes-plugin-for-Logs;kubernetes, logs, logging
Lacework;security
golang/Lambda-go;apm, golang, serverless
php/Laravel;apm, php
LaunchDarkly;testing
Lighthouse;
Linux;os, operating system
golang/Logrus;apm, golang, logs, logging
Logstash-plugin-for-Logs;logs, logging
golang/Logxi;apm, golang, logs, logging
php/Magento;apm, php, cms, content management system
python/mako;apm, python
MariaDB;infrastructure, database
php/MediaWiki;apm, php, cms, content management system
Memcached;infrastructure, database
golang/Micro;apm, golang
Micrometer;open source monitoring
MongoDB;infrastructure, database
dotnet/MonoRail;apm, dotnet
dotnet/MSMQ;apm, dotnet, queue
MSSQL;infrastructure, database
java/Mule-ESB;apm, java
golang/Mux;apm, golang
MySQL;infrastructure, database
Nagios;infrastructure, open source monitoring
dotnet/NancyFX;apm, dotnet
Ngolang/ATS;apm, golang, messaging
ruby/Net::HTTP;apm, ruby
java/Netty;apm, java
New-Relic-Micrometer-Registry;
NFS;
NGINX;infrastructure, web
node-js/Node-js;apm, node.js, language agent
NServiceBus;apm, dotnet, messaging
java/OC4J;apm, java
php/ODBC;apm, php, database
OKHTTP;mobile, android
OpenCensus;tracing, open source monitoring
OpenRasta;apm, dotnet
OpenTelemetry;open source monitoring
java/OpenTelemetry Java Exporter;java
oracle/Oracle;infrastructure, database
python/OurSQL;apm, python, database
ruby/Padrino;apm, ruby
Pagerduty;
ruby/Passenger;apm, ruby
php/PDO;apm, php, database
PerfMon;windows
php/PHP;apm, php, language agent
php/PHPunit;apm, php, testing
python/Pika;apm, python
python/piston;apm, python
Pivotal-Tracker;
golang/Pkg-Errors;apm, golang
java/Play;apm, java
java/Play-WS;apm, java
Port-monitoring;infrastructure, networking
Postgres;infrastructure, database
Predis;database
python/Proboscis;apm, python
Prometheus;open source monitoring
python/Psycopg2;apm, python
ruby/Puma;apm, ruby
Puppet;automation
python/PyElasticSearch;apm, python
python/pylibmc;apm, python
python/pylons;apm, python
python/PyMongo;apm, python, database
python/pyramid;apm, python
python/PySQLite;apm, python, database
python/Python;apm, python, language agent
python/pywapi;apm, python
Quantum-Metric;
java/Quartz-Job-Scheduler;apm, java
RabbitMQ;infrastructure, messaging, queue
ruby/Rack;apm, ruby
ruby/Rails;apm, ruby
ruby/Rainbows!;apm, ruby
ruby/Rake;apm, ruby
React-Native;mobile
Red-Hat-Enterprise Linux;os, operating system
Red-Hat-OpenShift;kubernetes, containers
Redis;infrastructure, database
java/Resin;apm, java
ruby/Resque;apm, ruby
java/RESTeasy;apm, java
node-js/Restify;apm, node.js
RestSharp;apm, dotnet
Roku;
ruby/Ruby;apm, ruby, language agent
python/Sanic;apm, python
java/Scala;apm, java
ruby/Sequel;apm, ruby, database
ServiceStack;apm, dotnet
ruby/Sidekiq;apm, ruby
SIGNL4;
python/Silex;apm, python
Silverlight;apm, dotnet
ruby/Sinatra;apm, ruby
Slack;
java/Slick;apm, java
php/Slim;apm, php
SNMP;infrastructure, networking, open source monitoring
java/Solr;apm, java
Split;testing
java/Spray-can;apm, java
java/Spring;apm, java
java/Spring-JMS;apm, java
Springdotnet;apm, dotnet
java/SpyMemcached;apm, java
php/SQLite;apm, php, database
StatsD;open source monitoring
java/Struts;apm, java
ruby/Sunspot;apm, ruby
SUSE-Linux-Enterprise-Server;os, operating system
Sybase;
php/Symfony;apm, php
Synthetics;synthetics
python/tastypie;apm, python
ruby/Thin;apm, ruby
java/Thrift;apm, java
java/Tomcat;apm, java
java/TomEE;apm, java
python/tornado;apm, python
tvOS;mobile
python/twisted;apm, python
ruby/Typhoeus;apm, ruby
Ubuntu;os, operating system
Umbraco;apm, dotnet, cms, content management system
ruby/Unicorn;apm, ruby
Unix;os, operating system
python/urllib;apm, python
python/urllib2;apm, python
python/urllib3;apm, python
Varnish;infrastructure, load balancer
java/Vert.x;apm, java
VictorOps;
vmware/VMware-ESXi;infrastructure
vmware/VMWare-Tanzu;infrastructure
python/web2py;apm, python
java/WebLogic;apm, java
python/webpy;apm, python
ruby/Webrick;apm, ruby
java/WebSphere;apm, java
java/Websphere Liberty Profile;apm, java
java/WildFly;apm, java
Windows;os, operating system
Windows-event-log;logs, logging, windows
php/WordPress;apm, php, cms, content management system
xMatters;
php/Yii;apm, php
golang/Zap;apm, golang
Zipkin;tracing, apm